transaction_id,customer_id,transaction_amount,payment_method,location,device_type,transaction_time,is_fraud
1,8842,2462.19,UPI,Michaelbury,Mobile,2026-05-18 08:29:00,0
2,5639,1497.21,Net Banking,Littleside,Mobile,2026-05-09 18:26:24,0
3,9446,1147.22,UPI,Garciatown,Mobile,2026-05-02 20:49:52,1
4,8958,868.23,UPI,Fryburgh,Tablet,2026-05-01 08:36:18,0
5,9236,2167.59,Net Banking,East Sarah,Laptop,2026-05-09 14:49:34,0
6,9002,3866.32,UPI,New Paulshire,Laptop,2026-04-20 16:04:07,0
7,7449,1507.81,UPI,Smithbury,Mobile,2026-05-03 22:56:34,0
8,2595,799.56,Net Banking,West Matthew,Laptop,2026-05-01 20:10:05,0
9,5273,2084.12,UPI,Patrickmouth,Laptop,2026-05-08 21:15:56,0
10,3880,4692.25,Net Banking,East David,Laptop,2026-05-08 14:39:33,0
11,4188,3654.85,Net Banking,Lake Josephburgh,Mobile,2026-05-14 17:58:59,0
12,7641,4078.59,UPI,South Keith,Tablet,2026-05-03 14:30:55,0
13,9125,3182.46,Credit Card,East Alexis,Tablet,2026-05-08 17:04:58,0
14,9525,1658.85,Net Banking,West Christopher,Laptop,2026-05-13 12:35:26,0
15,2081,256.13,Debit Card,New Krystal,Laptop,2026-04-21 06:05:29,0
16,2596,1549.48,Net Banking,Lake Tiffany,Mobile,2026-04-24 11:50:55,0
17,2671,1228.88,Credit Card,Lake Dustin,Mobile,2026-05-14 09:40:05,1
18,5409,3571.19,Debit Card,Andrewburgh,Laptop,2026-05-09 10:23:47,0
19,2680,3161.13,Debit Card,Gonzalezville,Laptop,2026-04-22 15:39:01,0
20,7898,1533.58,Net Banking,West Ashleyland,Tablet,2026-05-08 00:04:07,0
21,5351,302.24,Credit Card,Mccannchester,Mobile,2026-04-21 14:15:42,0
22,3493,3652.74,Debit Card,Jamesburgh,Tablet,2026-05-16 04:47:31,0
23,9011,3110.56,Credit Card,Collinshaven,Mobile,2026-04-25 15:19:16,0
24,4128,3606.19,UPI,West Stacy,Mobile,2026-04-28 21:38:59,0
25,7341,1537.06,Net Banking,South Kellyburgh,Laptop,2026-04-26 20:13:07,0
26,3879,470.41,Net Banking,Darrenberg,Tablet,2026-04-28 11:08:38,0
27,8441,2376.13,Net Banking,Port Samanthastad,Mobile,2026-05-07 09:17:51,1
28,7969,1568.89,Credit Card,Vanessaborough,Tablet,2026-05-01 07:05:51,0
29,9277,4862.32,Debit Card,Port Lauraborough,Tablet,2026-05-05 23:58:02,0
30,1278,3503.63,UPI,North Eric,Tablet,2026-05-08 22:32:58,0
31,8947,1139.17,Credit Card,East Lynntown,Tablet,2026-05-06 21:22:12,0
32,7906,4915.73,UPI,New Anthony,Laptop,2026-05-02 12:16:21,0
33,2451,129.92,UPI,North Thomas,Laptop,2026-05-20 11:26:45,0
34,5651,592.31,Debit Card,Port Kellyborough,Tablet,2026-05-18 07:10:10,0
35,7217,968.46,Credit Card,South Tonya,Mobile,2026-04-27 22:45:55,0
36,7115,1226.62,UPI,Lake Gregoryland,Mobile,2026-05-05 07:13:23,0
37,4972,1130.22,Debit Card,Port Kelsey,Mobile,2026-04-22 02:22:10,0
38,2525,330.61,UPI,Cervantesmouth,Laptop,2026-05-20 08:54:00,0
39,6510,2910.12,UPI,Darrenfort,Laptop,2026-05-18 14:06:16,0
40,7434,2994.32,UPI,Zimmermanside,Mobile,2026-04-22 22:16:30,1
41,3632,121.56,Net Banking,Reedchester,Tablet,2026-05-11 03:40:27,0
42,8246,604.21,Net Banking,Georgemouth,Tablet,2026-05-12 15:32:20,0
43,9699,4779.53,Credit Card,West Kim,Tablet,2026-05-10 01:09:08,0
44,6544,2790.42,Debit Card,East Samanthatown,Tablet,2026-04-24 04:28:07,0
45,3755,4397.71,Net Banking,Williamsberg,Mobile,2026-05-01 05:29:40,0
46,4742,2982.03,Debit Card,Emilyhaven,Tablet,2026-05-18 10:24:47,0
47,1743,2698.87,Debit Card,Aguirreview,Laptop,2026-05-15 16:50:55,0
48,7096,316.05,Debit Card,Higginsside,Mobile,2026-05-10 14:29:57,0
49,9851,777.54,UPI,Danielberg,Mobile,2026-05-14 08:30:28,1
50,2650,3989.85,Debit Card,Mollyview,Mobile,2026-04-22 00:55:03,0
51,6087,233.91,UPI,South Carlosborough,Laptop,2026-05-13 15:59:59,0
52,9363,2816.37,Credit Card,Sandersshire,Laptop,2026-04-29 19:07:55,0
53,5487,1918.16,UPI,Martinborough,Laptop,2026-04-25 09:34:08,0
54,4566,3014.37,Credit Card,Williamsview,Mobile,2026-04-24 14:01:55,1
55,7958,3504.86,UPI,East April,Mobile,2026-05-11 13:29:21,0
56,3690,4406.45,UPI,Nathanton,Laptop,2026-04-23 09:58:31,0
57,5348,3566.8,Credit Card,West Andrew,Laptop,2026-05-18 00:23:27,0
58,3269,3686.78,UPI,Whitneyborough,Tablet,2026-05-20 10:53:39,1
59,8479,1976.61,UPI,Lake Rachelstad,Mobile,2026-05-04 04:58:55,1
60,2703,2975.02,Debit Card,Jenniferhaven,Laptop,2026-04-20 23:11:59,0
61,2476,3120.88,UPI,North Misty,Tablet,2026-05-05 03:08:56,0
62,7493,3855.57,UPI,Billymouth,Mobile,2026-05-20 11:17:26,0
63,3543,4483.56,Net Banking,West Jeffreyland,Mobile,2026-04-29 16:51:41,0
64,8193,508.38,Debit Card,Woodland,Mobile,2026-04-20 19:16:04,0
65,7097,3617.96,Credit Card,Lewisstad,Laptop,2026-05-04 12:39:38,0
66,9313,1359.63,Debit Card,Joshuashire,Tablet,2026-05-06 05:06:23,0
67,5628,3697.38,Debit Card,Carmenland,Mobile,2026-05-02 02:13:06,0
68,7095,1584.44,UPI,West Kristi,Laptop,2026-05-11 12:08:24,0
69,3673,2262.45,Credit Card,Christophershire,Tablet,2026-04-20 19:14:58,0
70,7032,3312.09,Debit Card,Port Calebton,Laptop,2026-05-07 02:35:46,0
71,2425,3739.84,Debit Card,Jamesshire,Tablet,2026-05-11 09:46:10,1
72,8099,1544.45,Debit Card,Elaineberg,Tablet,2026-05-08 00:13:19,0
73,1387,4181.84,UPI,North Tracy,Tablet,2026-05-02 18:01:49,0
74,1806,420.36,Net Banking,Martinezview,Laptop,2026-04-26 17:37:19,0
75,9018,2921.37,Net Banking,Smithton,Tablet,2026-05-04 02:45:03,0
76,7171,2431.1,Credit Card,East Rebecca,Laptop,2026-04-24 21:12:26,0
77,8612,3186.77,Credit Card,West Russell,Tablet,2026-05-13 00:48:49,0
78,4556,3770.24,Credit Card,West Derrick,Laptop,2026-05-19 09:31:41,0
79,1567,493.21,Net Banking,Davidton,Mobile,2026-04-24 02:17:48,0
80,8800,4600.58,Debit Card,Smithtown,Tablet,2026-05-12 21:47:33,0
81,3122,215.77,Debit Card,Tammyton,Tablet,2026-04-27 20:51:11,1
82,1960,1496.94,Debit Card,New Crystal,Mobile,2026-05-08 04:54:15,1
83,2030,407.07,UPI,Millermouth,Tablet,2026-04-28 07:32:48,1
84,9028,2018.16,UPI,North Susanfort,Mobile,2026-05-07 00:50:13,0
85,5249,3193.09,Credit Card,Mortonland,Laptop,2026-04-21 08:56:47,0
86,1932,4417.16,Net Banking,North Jennifer,Mobile,2026-05-02 15:37:51,0
87,5420,3221.71,Credit Card,North Yolanda,Laptop,2026-05-17 22:09:21,0
88,2467,2428.83,UPI,Alexanderhaven,Tablet,2026-05-07 17:03:48,0
89,4130,4998.71,Net Banking,Raymondview,Tablet,2026-04-21 18:22:45,0
90,2200,2670.14,Debit Card,Tiffanytown,Laptop,2026-05-03 14:38:00,1
91,7786,1031.42,Credit Card,Melissachester,Tablet,2026-05-05 13:11:29,0
92,3754,3677.85,Net Banking,Lake Kevinland,Laptop,2026-05-01 17:54:45,0
93,1854,64.61,Credit Card,North Douglas,Tablet,2026-04-25 06:59:38,0
94,1547,2195.11,Debit Card,West Nicholasport,Mobile,2026-04-23 13:38:26,0
95,9269,366.86,Debit Card,Rossfurt,Laptop,2026-04-29 15:04:02,0
96,3564,3845.86,Debit Card,North Kristyfurt,Laptop,2026-05-17 23:15:45,1
97,2394,260.45,Credit Card,Staceymouth,Tablet,2026-05-02 22:59:35,0
98,9809,38.8,UPI,West Mirandastad,Mobile,2026-05-13 08:48:45,0
99,6783,4081.92,UPI,West David,Mobile,2026-04-21 04:57:46,0
100,8023,2301.95,Credit Card,Johnnyberg,Tablet,2026-05-18 04:14:39,0
101,7457,4333.14,Credit Card,Gilmoreton,Tablet,2026-04-29 05:34:03,0
102,8810,3267.25,Credit Card,New Jacob,Laptop,2026-05-09 19:59:43,0
103,8085,2251.32,Credit Card,Karistad,Tablet,2026-05-10 19:24:30,0
104,8043,434.84,UPI,Lake Bettytown,Laptop,2026-05-13 01:06:01,1
105,2709,43.56,UPI,Reyesport,Tablet,2026-04-30 06:22:19,0
106,7815,702.67,UPI,Karabury,Tablet,2026-05-01 04:46:11,0
107,3573,2252.16,Net Banking,Port Sherribury,Laptop,2026-05-20 05:29:38,0
108,3785,4366.01,UPI,Lake Jacobberg,Mobile,2026-04-21 23:30:59,0
109,5826,3577.45,Net Banking,North Rebeccafort,Mobile,2026-05-01 06:25:59,0
110,1997,3519.28,Net Banking,South Bruce,Mobile,2026-05-02 17:53:26,0
111,7067,3436.87,Debit Card,Burnettland,Laptop,2026-05-14 01:46:59,0
112,3264,1605.5,Debit Card,East Kristin,Mobile,2026-05-07 11:39:28,0
113,1001,2037.31,UPI,Garciaborough,Tablet,2026-04-23 18:51:26,0
114,9414,2284.01,UPI,Santosmouth,Mobile,2026-04-24 21:18:16,0
115,8504,577.86,UPI,Donnashire,Laptop,2026-05-19 23:32:26,0
116,5807,3504.68,UPI,Hayesside,Laptop,2026-04-20 19:29:18,0
117,4806,538.71,UPI,Sanchezland,Mobile,2026-05-10 15:42:37,0
118,6424,2126.78,UPI,East Sarah,Mobile,2026-05-18 19:46:50,0
119,5265,4312.04,Net Banking,Antoniofurt,Laptop,2026-05-18 10:26:23,0
120,2451,3038.47,UPI,Jimmyborough,Laptop,2026-05-19 12:19:20,1
121,5810,3850.7,Net Banking,Miatown,Mobile,2026-05-11 21:46:24,0
122,2977,302.57,Debit Card,Julieshire,Laptop,2026-05-12 23:53:54,0
123,8245,2659.86,Credit Card,Daviesmouth,Mobile,2026-05-01 22:30:18,0
124,3506,4176.84,Net Banking,Scottmouth,Tablet,2026-05-05 13:19:44,0
125,2751,2275.66,Credit Card,Steeleland,Mobile,2026-05-03 02:42:12,0
126,2121,2830.76,Debit Card,Davidberg,Mobile,2026-05-08 23:52:43,0
127,9697,4842.82,UPI,South Stacyshire,Tablet,2026-05-15 12:41:15,0
128,5535,4591.62,Net Banking,Snowmouth,Tablet,2026-04-26 19:52:33,0
129,1618,4323.46,UPI,North Johnbury,Mobile,2026-04-27 17:09:29,1
130,5113,4905.48,Credit Card,Colemanland,Laptop,2026-05-16 10:34:25,0
131,5028,1768.59,Credit Card,South Bryan,Tablet,2026-05-04 21:56:06,0
132,3157,3248.09,Debit Card,North Angela,Laptop,2026-04-27 07:21:34,0
133,2795,415.28,UPI,Lake Rachel,Laptop,2026-05-01 00:28:47,0
134,3956,1024.88,Net Banking,Taylorstad,Laptop,2026-05-20 05:45:36,0
135,5970,1591.44,UPI,Lake Levi,Laptop,2026-05-09 02:31:57,0
136,4962,273.34,Debit Card,Lake Lauren,Tablet,2026-05-06 18:51:43,0
137,2282,3302.75,Net Banking,Port Bobchester,Tablet,2026-05-15 20:37:02,0
138,4920,3913.98,Net Banking,Jasonland,Laptop,2026-04-21 01:02:47,0
139,5326,460.86,Net Banking,West Charles,Tablet,2026-05-05 19:31:15,0
140,9147,1772.7,Debit Card,Jamesland,Mobile,2026-05-11 10:34:12,0
141,9565,2591.76,Credit Card,New Thomasbury,Tablet,2026-04-26 09:21:38,1
142,7058,3472.15,Debit Card,New Johnville,Mobile,2026-05-03 12:39:54,0
143,7488,2954.56,Net Banking,South Ryanbury,Laptop,2026-04-26 21:15:03,0
144,1332,3851.92,Credit Card,Tylerfort,Laptop,2026-04-20 22:39:38,1
145,5763,4011.41,Debit Card,Melvinchester,Tablet,2026-05-09 17:00:25,0
146,6614,2532.06,Credit Card,Port Joshua,Mobile,2026-04-27 14:15:38,0
147,5528,187.13,Credit Card,Harrisview,Mobile,2026-04-29 21:10:01,0
148,4064,4757.59,UPI,Schultzshire,Tablet,2026-04-21 04:22:53,0
149,5118,4985.01,Debit Card,Coreyhaven,Mobile,2026-04-29 21:06:51,0
150,7299,2429.93,UPI,West Jesse,Tablet,2026-05-02 01:58:26,0
151,1661,2365.9,Net Banking,Katelynhaven,Laptop,2026-05-09 08:39:13,0
152,8489,3294.94,Credit Card,North Larry,Laptop,2026-05-07 23:57:36,0
153,4525,89.19,UPI,Huffmanland,Mobile,2026-04-25 04:02:59,0
154,8309,4124.14,Credit Card,Michelechester,Mobile,2026-04-29 03:30:54,0
155,1620,4021.85,Credit Card,Port Oscar,Tablet,2026-04-28 05:22:03,0
156,2271,3356.92,Net Banking,South Tracy,Laptop,2026-05-06 13:27:24,0
157,1349,2037.14,Credit Card,Rosariochester,Tablet,2026-05-02 00:52:59,0
158,3660,4849.66,UPI,Reidchester,Mobile,2026-05-17 07:25:35,1
159,1869,4119.55,UPI,Lake Traviston,Mobile,2026-05-15 03:16:20,0
160,9342,1005.4,UPI,Lawrencefurt,Mobile,2026-05-13 16:30:44,0
161,4982,1750.66,Credit Card,West Tonya,Mobile,2026-04-28 16:03:18,0
162,8500,1368.69,UPI,Jonathanview,Tablet,2026-05-19 09:13:20,0
163,4029,3136.34,UPI,Port Brian,Laptop,2026-04-30 15:16:37,0
164,4894,4478.33,UPI,Justinstad,Mobile,2026-04-28 02:18:29,0
165,2447,4586.9,UPI,West Alyssa,Mobile,2026-05-05 10:08:08,0
166,9957,4039.0,UPI,Leeburgh,Laptop,2026-05-06 09:22:55,0
167,2304,4942.56,Credit Card,East Terri,Tablet,2026-05-01 15:50:59,1
168,2436,1887.05,Net Banking,West Dominique,Laptop,2026-04-26 22:22:02,0
169,4758,768.15,Net Banking,East Daniel,Mobile,2026-04-23 14:11:33,0
170,1884,4729.91,Net Banking,North Isabella,Tablet,2026-04-22 13:07:47,0
171,1628,2289.55,Credit Card,North David,Mobile,2026-05-12 23:42:21,0
172,9303,4704.5,Debit Card,Mcfarlandfurt,Tablet,2026-05-03 08:07:10,0
173,7861,4766.85,UPI,Dustinberg,Mobile,2026-05-12 23:49:04,0
174,2810,3842.13,Credit Card,Nguyenmouth,Tablet,2026-04-30 14:19:26,0
175,6336,2786.62,Credit Card,Thompsontown,Tablet,2026-05-08 20:06:52,0
176,3544,2253.96,UPI,Lake Katherinefurt,Laptop,2026-05-06 09:06:53,0
177,9511,3108.42,Credit Card,Lake Zacharyview,Laptop,2026-05-14 19:36:21,0
178,9132,3786.55,Net Banking,South Sarahberg,Tablet,2026-05-04 04:19:13,0
179,6800,2340.38,Debit Card,South Jenniferfurt,Laptop,2026-04-21 21:20:22,1
180,4855,1659.89,Net Banking,New James,Tablet,2026-05-15 18:31:11,0
181,3906,17.15,Credit Card,West Isaiah,Laptop,2026-04-21 07:10:06,0
182,9112,3025.74,Net Banking,Rodriguezmouth,Mobile,2026-05-16 15:17:38,0
183,7456,4328.74,Credit Card,New Jesseport,Mobile,2026-04-23 22:14:00,0
184,4718,2591.71,Credit Card,Garzabury,Mobile,2026-04-23 01:38:26,0
185,6527,4939.19,UPI,Shawnmouth,Laptop,2026-05-03 02:37:40,0
186,7108,2414.5,Net Banking,West Jenniferland,Laptop,2026-04-29 04:03:55,1
187,5447,21.16,Debit Card,West Connie,Tablet,2026-04-24 16:14:20,0
188,4143,367.28,Net Banking,Jarvismouth,Mobile,2026-05-18 16:55:10,0
189,3584,984.91,Net Banking,Port Stevenfort,Tablet,2026-04-24 04:16:24,1
190,3480,45.22,Credit Card,North Deborahmouth,Laptop,2026-05-07 23:04:03,0
191,4509,3132.78,UPI,New Marcton,Laptop,2026-05-18 03:38:00,0
192,3159,334.1,UPI,Markfurt,Laptop,2026-04-27 15:18:08,0
193,3057,2144.97,Net Banking,Natalieview,Mobile,2026-05-12 10:53:39,0
194,4569,67.94,UPI,Port Nicholasberg,Laptop,2026-05-06 05:15:46,0
195,2485,1695.78,Debit Card,Justinhaven,Laptop,2026-05-03 02:46:37,1
196,7959,2277.71,Credit Card,Grantport,Laptop,2026-05-18 09:03:21,0
197,2964,1161.41,Credit Card,Antoniotown,Mobile,2026-05-07 02:36:56,1
198,8671,3037.32,UPI,Buckburgh,Laptop,2026-05-01 22:42:36,1
199,8985,2236.04,UPI,South Ryanhaven,Tablet,2026-05-18 10:08:04,0
200,4775,61.74,UPI,North Calebfort,Laptop,2026-04-26 06:39:54,0
201,5811,2330.81,Net Banking,Rodrigueztown,Laptop,2026-04-26 08:16:43,0
202,2843,782.83,Net Banking,Lake Tommy,Laptop,2026-05-20 05:01:14,0
203,3592,4251.88,Credit Card,Washingtonport,Laptop,2026-05-14 02:00:49,0
204,9829,2888.39,UPI,South Lisa,Laptop,2026-04-21 22:44:31,0
205,5944,374.24,UPI,East Cody,Laptop,2026-05-11 23:01:41,0
206,3089,179.08,Credit Card,New Michellemouth,Laptop,2026-05-04 03:51:38,0
207,9632,4989.42,Credit Card,New Allison,Mobile,2026-05-05 22:08:44,0
208,6091,2312.85,Net Banking,Taylorshire,Tablet,2026-04-22 20:04:45,1
209,6519,1250.68,Credit Card,Hawkinsmouth,Tablet,2026-05-12 06:08:09,0
210,7541,1488.75,UPI,Stevenborough,Tablet,2026-04-20 15:52:40,0
211,7862,2563.61,Credit Card,Susanhaven,Mobile,2026-05-05 17:23:56,0
212,8739,2103.22,Credit Card,East Kimberlyland,Mobile,2026-05-01 13:25:07,0
213,8846,2454.07,Debit Card,Russellton,Mobile,2026-04-26 06:34:23,1
214,1815,2707.1,Credit Card,Alexanderview,Laptop,2026-04-21 15:07:53,1
215,2918,959.62,Net Banking,Rileyborough,Mobile,2026-05-03 12:26:14,0
216,9204,4307.59,UPI,South Bruce,Mobile,2026-04-23 19:47:07,0
217,6286,1702.75,Net Banking,Port Latoya,Laptop,2026-05-16 12:35:23,0
218,5130,3689.91,Debit Card,Lake Corey,Laptop,2026-05-11 17:13:23,0
219,2616,494.29,Net Banking,Rodgersville,Laptop,2026-05-07 12:58:00,0
220,7355,193.85,UPI,Foxbury,Tablet,2026-04-27 14:59:09,0
221,3984,3603.09,Debit Card,Port Colleenmouth,Tablet,2026-05-04 17:26:36,0
222,6549,2065.63,Net Banking,Ashleyfort,Tablet,2026-04-27 20:38:44,0
223,4317,306.89,Debit Card,Jessicaland,Laptop,2026-05-04 12:30:15,1
224,9109,2403.83,UPI,Heathershire,Laptop,2026-05-19 00:29:30,0
225,6447,4439.9,Debit Card,New Lisamouth,Laptop,2026-05-06 16:28:39,0
226,9714,748.93,UPI,Jeanettehaven,Tablet,2026-04-23 18:31:22,1
227,4997,532.69,Credit Card,Julieshire,Laptop,2026-05-04 05:03:51,1
228,4053,779.14,Credit Card,Lake Ryan,Laptop,2026-04-21 01:50:51,0
229,6275,770.15,Credit Card,North Patrickmouth,Mobile,2026-05-07 23:41:58,0
230,4020,3580.55,Net Banking,Reginastad,Mobile,2026-04-27 07:30:56,0
231,5007,45.78,Net Banking,Maxwellland,Mobile,2026-05-11 16:17:25,0
232,2040,1922.58,Net Banking,Courtneyberg,Laptop,2026-04-20 17:21:21,0
233,6388,623.37,Net Banking,Michaelchester,Mobile,2026-05-10 20:07:01,0
234,2547,301.99,Credit Card,South Dustin,Mobile,2026-05-06 09:36:13,0
235,4233,3585.84,Net Banking,South Sarahtown,Tablet,2026-05-17 04:17:10,0
236,3189,1144.09,Credit Card,Smalltown,Mobile,2026-05-09 02:24:25,0
237,5902,4572.79,Debit Card,East Brianmouth,Mobile,2026-05-01 12:39:56,0
238,7230,3953.68,Net Banking,Amandaberg,Tablet,2026-05-03 07:13:31,1
239,6885,4648.86,Debit Card,Davidshire,Mobile,2026-05-03 13:28:22,0
240,9607,993.07,Net Banking,Wellschester,Mobile,2026-05-08 18:20:54,0
241,3685,1220.17,Net Banking,New Todd,Tablet,2026-05-19 03:08:11,0
242,9738,3896.37,Credit Card,Harrisfurt,Tablet,2026-05-04 11:47:57,0
243,2081,1721.51,Credit Card,Brownville,Laptop,2026-05-13 07:19:18,0
244,7217,898.22,Debit Card,New Kaitlin,Tablet,2026-04-26 07:07:35,0
245,4643,3956.93,UPI,East Cindychester,Laptop,2026-04-23 15:30:50,0
246,5856,657.25,Net Banking,Port Jesse,Laptop,2026-05-15 20:54:18,0
247,8331,2899.43,Debit Card,North Brentside,Mobile,2026-05-08 09:51:56,0
248,6205,3616.3,Net Banking,North Conniefort,Mobile,2026-04-28 06:10:57,0
249,5423,3272.79,UPI,Randytown,Tablet,2026-05-10 07:30:16,0
250,5936,2401.61,Credit Card,New Stephenbury,Mobile,2026-04-30 15:01:07,0
251,4443,1349.09,Debit Card,West Michaelamouth,Tablet,2026-04-30 02:54:31,0
252,6640,4988.45,UPI,Lake Destiny,Laptop,2026-04-23 15:43:14,1
253,5961,1677.29,UPI,Guerreroton,Tablet,2026-05-12 17:15:09,0
254,2237,1612.34,Debit Card,East Kathrynmouth,Laptop,2026-05-12 03:54:47,0
255,9120,376.35,Net Banking,West Michellefurt,Mobile,2026-05-03 02:54:39,0
256,2862,4365.95,Net Banking,Katieshire,Laptop,2026-05-11 19:41:01,0
257,8078,1453.88,Debit Card,Lake Fernando,Mobile,2026-04-20 17:16:18,0
258,2472,2768.62,Credit Card,Port Carolyn,Mobile,2026-05-19 21:36:12,0
259,3801,1142.26,Net Banking,Jacksonland,Mobile,2026-04-29 18:33:56,1
260,2202,1775.39,Credit Card,Stevensonberg,Tablet,2026-05-05 23:26:08,0
261,4566,2138.81,Credit Card,Jacobbury,Laptop,2026-05-02 18:59:29,0
262,4841,119.32,UPI,New Danielle,Tablet,2026-05-10 16:05:36,0
263,5494,2664.09,Credit Card,Davisberg,Mobile,2026-04-22 12:07:04,0
264,4488,2551.06,Credit Card,North Robert,Laptop,2026-04-22 23:10:29,0
265,6367,3924.37,Net Banking,West Ashleefurt,Mobile,2026-05-07 15:19:09,0
266,8546,627.91,Net Banking,South Richardburgh,Laptop,2026-05-13 05:28:47,0
267,3487,4313.02,Net Banking,Lake Donna,Laptop,2026-04-22 22:15:35,0
268,1649,4963.06,Credit Card,Jonathanmouth,Tablet,2026-05-10 14:15:07,0
269,8707,1563.24,Credit Card,Kathyborough,Mobile,2026-05-15 20:09:37,0
270,7391,3783.69,UPI,New Kellyborough,Mobile,2026-05-18 11:09:48,0
271,3936,1585.5,Debit Card,New Thomasburgh,Mobile,2026-05-06 21:59:01,0
272,5905,4358.2,Debit Card,North Garyborough,Mobile,2026-05-03 08:33:23,0
273,1700,4925.27,UPI,West Frank,Tablet,2026-05-15 02:12:46,0
274,4438,1250.42,UPI,East Stephen,Mobile,2026-05-02 06:04:20,0
275,7192,3162.04,Credit Card,Oneillshire,Laptop,2026-05-19 22:12:15,0
276,3861,2111.59,Debit Card,Marieview,Mobile,2026-04-27 00:14:46,0
277,5503,3019.08,Debit Card,Port Juliechester,Mobile,2026-04-24 06:58:38,0
278,6193,1769.56,Debit Card,Lawrenceborough,Tablet,2026-04-29 00:32:11,0
279,1980,2603.31,Debit Card,Kiddburgh,Tablet,2026-04-29 23:22:28,1
280,6940,1862.8,Debit Card,West Misty,Laptop,2026-04-22 07:22:54,0
281,6381,4858.61,UPI,East Cathymouth,Mobile,2026-05-03 05:47:34,0
282,8738,3837.03,UPI,Campbellville,Mobile,2026-05-13 11:30:23,1
283,7194,891.1,UPI,Port Zacharyhaven,Mobile,2026-05-03 00:56:31,0
284,3420,125.53,Debit Card,Lake Matthew,Tablet,2026-05-07 21:56:00,0
285,7289,789.55,Debit Card,Brownberg,Tablet,2026-04-29 14:45:23,0
286,4651,1724.64,Credit Card,Haydenfurt,Laptop,2026-05-10 17:36:07,0
287,4989,2343.64,Net Banking,East Lorihaven,Mobile,2026-04-30 09:46:17,0
288,2492,1974.91,Credit Card,Sanchezside,Laptop,2026-05-10 16:52:04,0
289,3069,4708.89,UPI,Andersonport,Laptop,2026-05-05 02:14:27,0
290,4678,3932.25,UPI,West Timothy,Tablet,2026-04-29 05:28:24,0
291,8724,2044.09,Net Banking,New Tammy,Tablet,2026-05-14 04:32:36,0
292,8930,34.32,Debit Card,New Adam,Laptop,2026-05-05 10:07:32,0
293,7954,2208.84,Debit Card,Batesfort,Laptop,2026-05-07 00:21:21,0
294,9250,4194.38,UPI,West David,Tablet,2026-04-26 04:45:58,0
295,6689,3523.19,UPI,Ernestland,Tablet,2026-05-15 00:49:37,0
296,9764,4333.29,Debit Card,West John,Laptop,2026-05-20 00:06:33,0
297,6248,25.97,Net Banking,East Joshua,Laptop,2026-05-01 01:14:50,0
298,1500,4402.63,Net Banking,Smithborough,Laptop,2026-05-08 23:47:32,0
299,9265,1162.79,Net Banking,Tammyborough,Laptop,2026-05-06 08:24:44,0
300,9006,2901.46,Debit Card,Medinaville,Laptop,2026-05-16 00:46:50,0
301,3406,1924.54,UPI,Robertchester,Tablet,2026-05-14 21:08:39,0
302,9779,338.29,Debit Card,North Adamview,Laptop,2026-05-05 17:50:57,0
303,3331,76.57,Credit Card,Lake Mallorymouth,Laptop,2026-05-15 17:14:22,0
304,6597,415.39,Debit Card,East Anne,Tablet,2026-04-23 22:21:04,0
305,1194,4303.07,Net Banking,Janeborough,Laptop,2026-04-30 16:52:30,0
306,6089,3142.57,UPI,South Matthewport,Laptop,2026-05-20 12:58:45,0
307,8007,4871.49,UPI,Patelside,Mobile,2026-04-30 23:47:15,0
308,3003,2240.28,Credit Card,Bakerville,Laptop,2026-05-17 23:04:01,0
309,5452,1770.34,Credit Card,Aaronport,Laptop,2026-05-05 06:25:10,0
310,2027,2735.39,Debit Card,North Richard,Laptop,2026-05-15 11:52:38,0
311,4634,2272.46,UPI,Aliside,Tablet,2026-05-17 00:48:56,0
312,9116,516.25,UPI,New Alexismouth,Tablet,2026-04-26 01:37:37,0
313,3151,585.7,Credit Card,Annafort,Tablet,2026-05-06 17:38:33,0
314,4942,2439.31,UPI,Bowmanhaven,Tablet,2026-05-16 14:05:38,0
315,9773,1449.55,Credit Card,Morrisberg,Mobile,2026-05-13 18:14:13,1
316,3443,2764.31,Net Banking,New Zachary,Laptop,2026-05-12 18:54:54,0
317,9501,2054.85,UPI,Jamesland,Tablet,2026-05-11 23:22:11,0
318,4679,322.48,Debit Card,Gregoryshire,Tablet,2026-05-19 21:03:44,0
319,2964,4544.81,Debit Card,Smithburgh,Tablet,2026-04-22 01:03:26,1
320,5778,2090.78,Credit Card,North Linda,Mobile,2026-04-30 07:06:43,0
321,9295,3437.73,Credit Card,Fryemouth,Laptop,2026-04-26 10:22:31,0
322,2736,3184.28,Debit Card,Johnstad,Tablet,2026-04-25 20:22:05,0
323,2604,4931.28,UPI,Port Blake,Laptop,2026-05-06 16:54:00,0
324,2247,1373.73,Credit Card,Bushland,Laptop,2026-04-30 04:06:13,0
325,6870,4532.84,Debit Card,Lucastown,Tablet,2026-04-26 23:18:58,0
326,3999,427.55,Net Banking,Reedberg,Mobile,2026-05-03 13:26:09,1
327,6660,2124.56,Credit Card,Garciaborough,Tablet,2026-04-20 23:14:17,0
328,2724,3021.58,UPI,South Cassandraland,Mobile,2026-05-17 09:41:46,0
329,6571,3539.0,Net Banking,Lake Bettyport,Mobile,2026-05-16 16:39:39,0
330,2256,2777.57,UPI,West John,Laptop,2026-05-03 11:49:30,1
331,2059,4541.78,Net Banking,Lake Davidtown,Mobile,2026-05-13 04:39:37,0
332,5845,1116.31,UPI,Hoganchester,Tablet,2026-05-11 14:06:36,0
333,3168,4221.73,UPI,Port Charlotte,Laptop,2026-05-08 22:13:58,0
334,1905,1464.33,UPI,Elizabethfurt,Tablet,2026-04-22 17:22:39,0
335,9343,53.82,Debit Card,Port Corey,Mobile,2026-04-28 15:03:26,0
336,1887,2702.79,Net Banking,South Susan,Tablet,2026-04-30 05:51:22,1
337,9091,887.98,Debit Card,North Russell,Laptop,2026-05-18 21:05:27,0
338,8250,4358.12,Credit Card,Ochoatown,Mobile,2026-04-24 13:52:54,0
339,2564,184.0,UPI,Richardview,Tablet,2026-04-22 04:09:44,0
340,5553,720.51,UPI,Dawnfurt,Mobile,2026-04-21 00:06:55,0
341,5886,2128.98,UPI,Vazquezstad,Tablet,2026-05-16 23:42:24,0
342,1179,3813.89,UPI,West Alyssaburgh,Tablet,2026-05-05 23:44:01,0
343,3660,4033.71,Debit Card,Kingfurt,Tablet,2026-05-17 04:41:52,0
344,2621,3352.25,Debit Card,Adamview,Tablet,2026-05-07 14:51:47,0
345,4560,3899.77,Debit Card,Ryanview,Tablet,2026-04-26 20:02:48,0
346,3427,3154.06,Net Banking,Port Sharonville,Laptop,2026-05-04 20:39:47,0
347,7832,2011.75,Credit Card,Port Glen,Mobile,2026-05-19 01:57:13,0
348,2863,4596.78,Net Banking,West Amandamouth,Tablet,2026-04-29 20:35:16,1
349,2432,2001.78,UPI,Jaclynstad,Tablet,2026-05-01 21:51:46,0
350,3697,3468.04,UPI,East Jessica,Tablet,2026-04-21 03:17:15,0
351,8301,3023.82,Credit Card,Kevinmouth,Mobile,2026-05-11 21:14:42,0
352,2383,2346.6,Net Banking,Hunterhaven,Tablet,2026-05-20 02:06:24,0
353,7241,542.88,UPI,Thompsonberg,Tablet,2026-05-03 09:09:01,0
354,5878,3758.93,UPI,Johnsonberg,Tablet,2026-05-10 03:44:19,0
355,9241,4333.62,Net Banking,Karenchester,Mobile,2026-05-06 09:43:44,0
356,1123,1128.26,UPI,Port John,Laptop,2026-04-25 15:11:13,0
357,7324,4192.13,Net Banking,East Paulamouth,Tablet,2026-05-03 11:38:38,0
358,4257,1366.51,Net Banking,Gonzalezfurt,Tablet,2026-05-14 08:02:44,0
359,1895,4638.59,UPI,Jaredhaven,Laptop,2026-05-17 04:21:45,0
360,4440,696.25,Net Banking,North Heather,Tablet,2026-05-18 14:27:08,0
361,7028,417.22,Net Banking,Port Sarah,Mobile,2026-05-04 02:26:21,0
362,6824,2527.88,UPI,West Carmenstad,Laptop,2026-04-22 09:29:07,0
363,6708,2577.39,Credit Card,Lake Meganview,Laptop,2026-05-02 06:32:08,0
364,9029,4585.85,Net Banking,Caitlynmouth,Laptop,2026-04-25 14:27:52,0
365,3953,2657.93,Debit Card,Rasmussenfurt,Laptop,2026-05-02 20:26:38,0
366,9550,4552.37,Debit Card,Michaelton,Tablet,2026-05-17 20:50:50,0
367,2598,1242.41,Net Banking,East Michaelhaven,Tablet,2026-04-28 17:21:16,0
368,7543,2575.78,Credit Card,Frostview,Mobile,2026-05-10 07:04:04,0
369,7913,2949.14,Net Banking,Laurastad,Tablet,2026-04-23 11:56:54,1
370,5046,4069.91,Credit Card,Bradleychester,Tablet,2026-04-26 02:25:11,1
371,5631,536.33,Net Banking,Marybury,Mobile,2026-05-02 04:10:57,1
372,3267,4125.73,Net Banking,Lake Joseph,Mobile,2026-04-29 22:17:49,0
373,3187,4419.48,Debit Card,Benjaminville,Laptop,2026-05-06 13:32:32,0
374,5656,4576.46,UPI,Josephborough,Mobile,2026-04-24 00:12:16,0
375,2555,1935.92,Credit Card,Lake Stephen,Tablet,2026-05-11 11:16:48,0
376,2397,1823.94,Net Banking,Lake Maureenfort,Tablet,2026-05-08 00:24:12,0
377,7490,2197.19,Debit Card,Petersville,Tablet,2026-04-20 19:37:34,0
378,7620,3895.33,Credit Card,North Wyattshire,Mobile,2026-05-10 21:40:03,0
379,4299,1735.89,UPI,Travismouth,Laptop,2026-04-25 23:25:54,0
380,1151,938.65,Net Banking,Lake Eileen,Laptop,2026-05-20 00:37:58,0
381,1349,2809.78,Debit Card,Timothymouth,Tablet,2026-05-17 11:03:39,0
382,2271,708.89,UPI,Larrystad,Tablet,2026-05-19 07:54:06,1
383,8467,4475.59,UPI,North Laurenmouth,Tablet,2026-04-28 09:34:44,0
384,5782,1661.77,Net Banking,Connorville,Tablet,2026-04-24 03:41:55,0
385,6692,4799.93,Credit Card,West Tammyport,Mobile,2026-05-07 02:16:58,0
386,3932,1201.19,Net Banking,Lauriefort,Laptop,2026-05-05 22:32:38,0
387,5271,4415.37,Debit Card,West Jessica,Tablet,2026-05-14 18:26:45,0
388,9157,4123.64,Credit Card,Lake Susanmouth,Mobile,2026-04-27 20:25:52,0
389,9864,1818.03,Debit Card,Kathrynshire,Tablet,2026-04-28 02:48:15,0
390,4424,1322.74,Net Banking,South Robert,Laptop,2026-05-03 07:24:12,0
391,5706,769.27,Credit Card,Philipstad,Tablet,2026-05-16 14:29:14,0
392,5749,2346.13,UPI,East Jamie,Laptop,2026-05-06 03:28:13,0
393,3943,4056.73,Debit Card,New Lauraside,Mobile,2026-05-17 09:01:02,0
394,3216,2560.71,Net Banking,Lake Alexis,Laptop,2026-04-22 12:14:06,0
395,8820,1113.34,Credit Card,East Renee,Laptop,2026-04-22 23:34:43,0
396,1356,4193.12,UPI,Smithmouth,Mobile,2026-04-29 04:27:59,0
397,4497,3669.41,Debit Card,West Stephanie,Laptop,2026-05-01 23:00:43,0
398,3124,1327.18,Net Banking,Glennfort,Tablet,2026-04-21 00:49:27,0
399,1572,2439.43,Credit Card,West Andrew,Tablet,2026-05-12 14:44:54,0
400,2841,1008.95,UPI,Karenborough,Mobile,2026-04-28 13:06:58,0
401,5354,2034.9,UPI,Torresberg,Tablet,2026-04-29 09:04:58,0
402,7561,2809.71,Credit Card,Mindyton,Mobile,2026-05-12 10:51:06,0
403,5254,467.99,Debit Card,Pattersonberg,Mobile,2026-05-12 08:00:22,1
404,2003,3115.68,Debit Card,Port Rebecca,Laptop,2026-04-29 09:56:16,0
405,3713,2733.45,UPI,North Jimmy,Tablet,2026-04-28 21:29:18,1
406,7346,4498.71,Debit Card,West Amyton,Laptop,2026-05-08 05:43:54,0
407,4111,1052.42,UPI,New Jasonchester,Laptop,2026-04-24 02:29:34,1
408,7077,3084.77,Debit Card,Mitchelltown,Laptop,2026-05-19 15:24:07,0
409,2504,2206.94,Credit Card,New Jeffreystad,Tablet,2026-05-19 14:09:20,0
410,7396,2034.09,Net Banking,Hillside,Tablet,2026-05-20 04:55:39,0
411,6659,2062.65,Net Banking,Rhodesview,Mobile,2026-05-15 03:38:32,0
412,5558,3535.79,Net Banking,Dannybury,Tablet,2026-04-26 16:26:18,0
413,2757,2405.3,Credit Card,North Josephchester,Mobile,2026-05-09 10:25:41,0
414,4166,2589.95,Net Banking,Collierbury,Mobile,2026-05-17 04:54:58,0
415,4589,1308.65,Debit Card,West Hannahfort,Mobile,2026-04-27 12:19:05,0
416,4743,386.76,UPI,Port Evelyn,Tablet,2026-04-28 12:59:39,0
417,2517,3635.97,UPI,Brownfurt,Laptop,2026-05-01 09:44:31,1
418,8734,902.43,UPI,South Tammyland,Mobile,2026-04-24 12:11:46,0
419,9705,4874.71,Net Banking,Port Joseph,Mobile,2026-05-18 14:21:36,0
420,8604,1439.27,Net Banking,Kristinaport,Mobile,2026-05-13 13:11:15,0
421,2837,4805.22,Credit Card,West Sydneytown,Mobile,2026-05-20 04:16:38,0
422,3020,831.06,UPI,Orrstad,Laptop,2026-04-30 15:32:10,0
423,6095,14.39,UPI,Nicolestad,Mobile,2026-05-07 11:00:07,0
424,3111,2572.93,Debit Card,Sandovalmouth,Laptop,2026-04-21 03:55:07,0
425,7439,4047.08,Credit Card,East Phillipton,Mobile,2026-04-29 07:59:28,0
426,4986,4257.16,Net Banking,North Rachelstad,Mobile,2026-05-13 22:41:21,0
427,9394,3525.52,Net Banking,Kelliechester,Mobile,2026-04-24 11:25:52,0
428,5520,3769.47,UPI,Chloeshire,Mobile,2026-05-13 17:30:16,0
429,6661,3071.6,Credit Card,Amybury,Tablet,2026-05-07 00:20:26,0
430,6014,4146.77,Net Banking,Port Hectorton,Laptop,2026-05-16 02:48:00,0
431,6314,598.87,UPI,Tiffanyhaven,Laptop,2026-05-08 15:03:02,0
432,6727,1515.31,UPI,East Roberttown,Mobile,2026-04-26 23:56:50,0
433,1035,153.69,UPI,Tanyaborough,Mobile,2026-04-24 10:42:45,0
434,8772,2094.0,Net Banking,Port Rebecca,Laptop,2026-04-25 15:22:17,0
435,1035,2007.83,Debit Card,East Amyland,Mobile,2026-05-05 14:45:35,0
436,1823,2790.13,Debit Card,Justinmouth,Tablet,2026-05-07 11:50:26,0
437,6014,125.1,UPI,Taylorview,Tablet,2026-05-05 22:02:08,0
438,8869,3523.33,UPI,Christinastad,Tablet,2026-04-25 04:45:22,0
439,9450,4256.77,Credit Card,New Stephanieburgh,Laptop,2026-05-11 10:27:19,0
440,6414,1522.02,Net Banking,South Garyfurt,Mobile,2026-05-15 21:27:46,1
441,3212,2441.35,Debit Card,Ryanshire,Tablet,2026-04-23 14:44:55,0
442,9113,3271.87,Credit Card,Port Monique,Laptop,2026-05-12 10:16:34,0
443,2043,185.82,UPI,West Timothy,Tablet,2026-04-27 18:55:32,1
444,5245,2577.32,Net Banking,East Samuel,Laptop,2026-04-24 15:09:06,0
445,5866,81.67,Net Banking,New Josephfort,Tablet,2026-04-22 16:59:48,0
446,9539,652.2,Net Banking,Brianfurt,Mobile,2026-05-11 05:06:17,0
447,6060,1298.35,Credit Card,South Taylorland,Laptop,2026-05-13 09:38:59,0
448,2167,3426.81,Net Banking,Lake Lauraberg,Tablet,2026-05-15 04:41:30,0
449,2798,1322.89,UPI,Reyeshaven,Laptop,2026-04-21 00:28:59,1
450,7182,1696.3,Debit Card,Johnsonstad,Tablet,2026-04-28 01:57:27,0
451,8488,3861.5,Net Banking,Port Michael,Tablet,2026-05-04 14:16:56,0
452,9683,757.92,UPI,Lake Tracieville,Tablet,2026-05-10 13:49:51,0
453,1534,3039.81,Debit Card,Jillmouth,Mobile,2026-05-04 00:08:52,0
454,6277,4059.17,Net Banking,North Debbieside,Tablet,2026-05-06 13:07:03,1
455,4695,4290.95,Credit Card,Monicamouth,Mobile,2026-04-28 08:01:56,0
456,4747,3110.81,Debit Card,New Gerald,Mobile,2026-05-03 22:00:31,0
457,3456,3774.63,UPI,South William,Laptop,2026-05-10 01:29:56,0
458,8879,294.18,Net Banking,Port Melissa,Laptop,2026-04-21 22:05:20,0
459,1306,1385.61,UPI,Lucasmouth,Mobile,2026-05-17 23:38:43,0
460,5549,3797.0,UPI,Peterland,Tablet,2026-05-07 01:39:18,0
461,1087,4930.41,Credit Card,East Samanthamouth,Laptop,2026-05-05 22:39:25,0
462,9929,4053.38,Credit Card,New Jackiestad,Laptop,2026-04-24 11:33:59,0
463,9858,1925.48,Credit Card,Lake Joseph,Laptop,2026-04-28 01:10:46,0
464,5775,4965.17,UPI,Whitefort,Laptop,2026-05-10 08:22:41,0
465,4796,4705.3,Credit Card,Stevenmouth,Laptop,2026-05-07 19:13:06,0
466,9231,2257.38,Credit Card,North Elizabethville,Laptop,2026-05-12 01:15:55,0
467,5938,440.09,Credit Card,Rayport,Laptop,2026-05-18 09:11:39,0
468,1992,2805.51,Net Banking,Williamstad,Tablet,2026-05-01 15:07:25,0
469,6293,3656.25,Debit Card,South Randallchester,Mobile,2026-05-19 10:59:29,0
470,2501,468.95,Credit Card,Randallmouth,Mobile,2026-05-04 22:11:39,0
471,5648,886.15,Net Banking,East Richardbury,Laptop,2026-05-10 00:45:00,0
472,3842,1633.41,Credit Card,Angelaside,Mobile,2026-04-22 15:34:37,0
473,4235,4100.15,Credit Card,New Lisa,Mobile,2026-05-01 04:56:38,0
474,4639,115.41,Credit Card,North Adamview,Mobile,2026-05-07 09:21:13,0
475,5081,225.87,UPI,South Roberto,Tablet,2026-05-02 03:48:30,0
476,5482,290.91,Net Banking,South Willie,Mobile,2026-04-29 16:58:04,0
477,2773,1263.92,UPI,Stevenview,Tablet,2026-05-01 18:20:56,0
478,7033,3159.93,Debit Card,Benitezton,Tablet,2026-05-17 01:36:21,0
479,4814,2564.45,Debit Card,North Sara,Tablet,2026-04-22 19:23:08,0
480,7843,30.99,Credit Card,Port Laura,Mobile,2026-05-10 06:05:30,1
481,2673,2356.14,Net Banking,Sherrybury,Laptop,2026-05-11 07:39:32,0
482,2665,3246.99,Debit Card,New Reginafurt,Tablet,2026-04-30 16:44:04,0
483,6091,3136.1,Credit Card,East Nathanport,Laptop,2026-05-15 20:13:05,0
484,7634,4496.63,Net Banking,New Ryan,Tablet,2026-05-15 04:52:42,0
485,8618,559.41,UPI,South Nicholasside,Laptop,2026-05-06 08:06:51,0
486,7335,3666.25,Net Banking,East Kurt,Mobile,2026-05-02 13:07:53,1
487,5614,4457.95,UPI,Lambmouth,Laptop,2026-04-26 18:11:17,0
488,1469,4724.89,Credit Card,Rowlandhaven,Mobile,2026-05-08 10:33:08,0
489,7380,2532.94,Credit Card,West Patrick,Laptop,2026-04-30 00:48:16,0
490,3631,3537.95,Credit Card,Hayesfort,Mobile,2026-05-03 10:42:19,1
491,4235,2964.98,UPI,Donaldchester,Tablet,2026-05-14 00:45:05,0
492,7421,1348.04,Net Banking,Anthonymouth,Laptop,2026-04-26 23:17:39,0
493,6740,3189.76,Net Banking,Richardside,Tablet,2026-04-24 04:31:43,0
494,9224,898.18,Debit Card,South Richard,Laptop,2026-05-08 06:45:50,1
495,3696,553.18,Credit Card,South Stephaniehaven,Tablet,2026-05-07 06:31:37,0
496,4643,4655.97,UPI,Williamport,Laptop,2026-05-10 22:50:54,0
497,2260,4875.89,UPI,East Debra,Tablet,2026-05-12 04:11:04,0
498,2242,4447.09,Debit Card,Michaelfurt,Mobile,2026-05-05 03:09:04,0
499,8542,1187.56,Debit Card,Nicholashaven,Mobile,2026-05-15 09:39:07,0
500,1717,137.81,UPI,Cassandraton,Laptop,2026-04-27 07:49:56,0
501,1107,3915.15,Net Banking,Port Nancy,Mobile,2026-04-26 14:37:03,0
502,5205,1973.7,Debit Card,South Christopherberg,Mobile,2026-05-20 10:48:17,0
503,9334,4850.76,Credit Card,Lake Brittanyberg,Mobile,2026-05-05 18:28:10,1
504,2874,4274.67,Net Banking,West Taylorfurt,Mobile,2026-05-08 10:51:04,0
505,4258,3482.5,UPI,Wendyberg,Mobile,2026-05-14 02:46:33,0
506,3324,2162.25,Credit Card,South Andrew,Tablet,2026-05-05 11:39:59,0
507,6721,1731.31,Credit Card,Hopkinsberg,Mobile,2026-05-20 04:37:29,0
508,8912,3354.32,UPI,Port Wendy,Mobile,2026-05-17 18:34:36,0
509,2825,1183.89,UPI,Randolphhaven,Laptop,2026-05-19 13:25:37,1
510,9468,806.46,UPI,West Deniseport,Mobile,2026-04-27 22:12:14,0
511,1222,1875.07,Debit Card,Nicholasland,Laptop,2026-04-27 14:38:42,0
512,4325,1608.51,Net Banking,Port Carrie,Laptop,2026-05-02 02:21:57,1
513,6532,4508.15,Debit Card,Griffinhaven,Laptop,2026-04-21 04:28:47,0
514,7336,4653.95,Debit Card,East Jamesport,Tablet,2026-04-26 13:54:35,0
515,7750,3357.9,Net Banking,West Travishaven,Mobile,2026-05-02 01:30:09,0
516,4979,1513.65,UPI,Lake Danielmouth,Tablet,2026-05-10 02:13:25,0
517,8450,1091.01,Credit Card,New Cindybury,Mobile,2026-04-25 03:35:01,0
518,7960,3468.24,Debit Card,Rebeccabury,Laptop,2026-05-12 21:44:26,0
519,5214,2768.85,Debit Card,Mariabury,Tablet,2026-05-02 01:45:00,1
520,5739,1281.4,Credit Card,Jamesmouth,Mobile,2026-05-16 14:27:59,0
521,6627,4593.18,UPI,Kaitlynborough,Laptop,2026-04-27 02:42:51,1
522,2372,3117.41,Net Banking,Masonview,Mobile,2026-05-05 22:16:01,0
523,1443,458.22,Debit Card,Port Alec,Laptop,2026-05-18 04:31:31,1
524,5274,3149.74,Debit Card,Weaverton,Laptop,2026-05-12 08:52:06,0
525,6671,3861.84,Debit Card,Jeremyburgh,Mobile,2026-04-30 16:04:56,1
526,9020,2548.49,Credit Card,Katherineview,Mobile,2026-05-04 17:51:09,0
527,8310,2638.77,Debit Card,Tonyport,Laptop,2026-05-17 13:54:09,1
528,2355,2137.55,Net Banking,Lake Brittany,Mobile,2026-05-16 14:34:47,0
529,4959,3237.94,Credit Card,Kimberlyside,Tablet,2026-05-20 12:01:51,0
530,4713,1681.43,Credit Card,Lake Scotthaven,Laptop,2026-05-20 09:14:02,0
531,9427,2822.96,Debit Card,Jamesland,Mobile,2026-05-19 23:35:58,0
532,8710,1110.75,Debit Card,West Sean,Tablet,2026-05-04 12:09:44,0
533,6463,3776.22,UPI,Garytown,Tablet,2026-04-20 20:42:03,0
534,2880,1535.39,Net Banking,Lammouth,Laptop,2026-05-13 23:09:38,0
535,4879,462.96,Net Banking,Lake Charles,Laptop,2026-05-10 02:19:16,0
536,9917,619.35,Net Banking,Michaelmouth,Tablet,2026-05-18 05:56:10,0
537,4728,1918.98,UPI,Garyside,Tablet,2026-04-25 09:22:25,0
538,2333,4088.47,Net Banking,East Tiffany,Tablet,2026-04-23 10:55:50,0
539,9020,1527.97,Debit Card,Julieborough,Laptop,2026-05-01 16:11:09,0
540,2139,476.23,Debit Card,Davistown,Tablet,2026-05-04 13:11:24,0
541,9780,3588.86,Debit Card,Mclaughlinfurt,Laptop,2026-04-28 15:58:25,0
542,8250,1280.17,Credit Card,Port Kathleen,Laptop,2026-05-02 18:19:44,0
543,7560,2505.18,Debit Card,Penaborough,Laptop,2026-05-07 13:35:52,0
544,4622,1638.6,Credit Card,New Morganmouth,Tablet,2026-05-20 02:38:07,0
545,6762,287.83,Net Banking,Austinborough,Laptop,2026-04-23 22:38:45,0
546,1825,691.45,Debit Card,East Danielside,Mobile,2026-05-20 02:09:01,0
547,4466,3713.28,Net Banking,Pamelahaven,Laptop,2026-04-23 00:57:44,0
548,9245,320.1,Debit Card,Craigside,Tablet,2026-05-19 13:51:10,0
549,6343,2721.94,UPI,Port Michaelaview,Laptop,2026-05-02 09:08:34,0
550,5694,1185.47,Net Banking,East Justinborough,Laptop,2026-04-28 11:11:48,0
551,9006,768.73,Credit Card,North Bradley,Tablet,2026-05-15 03:16:16,0
552,6971,2741.59,UPI,West Alexanderport,Laptop,2026-04-27 06:56:33,1
553,7549,3633.26,Credit Card,Lake Laura,Mobile,2026-05-03 21:27:35,0
554,1348,3287.68,Credit Card,East Julie,Mobile,2026-05-19 18:19:05,0
555,3340,1005.06,Credit Card,Gomezchester,Tablet,2026-04-26 07:08:49,0
556,1653,2471.4,Debit Card,Albertburgh,Laptop,2026-05-18 13:41:34,0
557,3161,713.19,Credit Card,New Jonathanchester,Mobile,2026-04-26 10:03:01,0
558,8228,3803.38,Debit Card,Vargasmouth,Mobile,2026-05-04 04:43:29,0
559,5936,4958.9,Net Banking,Port Elizabethburgh,Laptop,2026-05-11 22:07:52,0
560,8611,3424.68,Debit Card,Lake James,Mobile,2026-05-04 06:51:28,0
561,6286,2903.85,UPI,Baileymouth,Laptop,2026-05-06 13:57:54,0
562,2089,1083.29,Net Banking,Martinezburgh,Laptop,2026-05-14 03:31:29,0
563,3289,2099.15,Credit Card,Ronnieville,Mobile,2026-05-14 20:18:15,1
564,7336,3414.06,Net Banking,East Amyhaven,Mobile,2026-04-21 22:36:42,0
565,1529,1490.88,Net Banking,Port Anthony,Tablet,2026-05-14 07:21:43,1
566,5482,4106.54,Debit Card,Brianside,Laptop,2026-04-24 15:11:46,0
567,7756,3715.58,Debit Card,Port Jonathan,Mobile,2026-05-10 16:04:39,0
568,6635,4584.04,UPI,Lake Kelly,Laptop,2026-05-14 13:05:00,0
569,5985,4220.55,Credit Card,Osborntown,Tablet,2026-05-18 12:51:43,0
570,4552,3985.99,Credit Card,Cindyville,Tablet,2026-04-29 11:09:13,0
571,7177,3560.53,Credit Card,Gomezbury,Tablet,2026-05-02 17:11:22,0
572,8926,1036.95,Net Banking,Tracyview,Tablet,2026-04-26 16:53:27,0
573,4318,1964.43,Debit Card,Lisaberg,Mobile,2026-05-12 16:20:32,0
574,3033,4401.66,Debit Card,Woodbury,Tablet,2026-04-30 07:09:09,0
575,1328,4787.14,Credit Card,Daniellemouth,Laptop,2026-05-19 05:35:40,1
576,5427,2010.88,Credit Card,West Joshua,Tablet,2026-05-14 10:29:28,0
577,7384,2760.61,Debit Card,Lopezport,Tablet,2026-05-02 15:31:46,0
578,8351,204.75,Credit Card,East Christine,Tablet,2026-05-20 13:48:16,0
579,3747,4686.52,Debit Card,Jessicaland,Laptop,2026-05-08 21:53:33,0
580,7299,753.92,Net Banking,Huynhfort,Mobile,2026-05-10 03:21:14,0
581,7238,697.77,Net Banking,North Jimmy,Tablet,2026-04-26 00:11:19,0
582,7981,3046.96,Credit Card,Nicoletown,Laptop,2026-05-08 04:44:11,0
583,4979,4274.77,Debit Card,South Kaitlyn,Tablet,2026-05-07 15:49:21,0
584,5332,2624.4,Debit Card,West Candace,Laptop,2026-05-13 15:20:59,0
585,1521,4798.61,Debit Card,Tylerberg,Tablet,2026-05-10 05:53:44,0
586,4355,1702.17,Debit Card,Port Davidville,Mobile,2026-04-26 13:50:15,0
587,2885,4378.9,Credit Card,Port Brettburgh,Tablet,2026-05-05 14:09:27,0
588,1013,2477.06,UPI,Lake Douglas,Mobile,2026-05-10 21:29:56,0
589,2072,4872.69,Credit Card,Callahanhaven,Laptop,2026-05-19 11:14:50,0
590,1028,1206.18,Debit Card,Port Tracimouth,Laptop,2026-05-18 08:55:30,0
591,2586,3009.58,UPI,South Drew,Mobile,2026-05-14 04:39:40,0
592,9142,1047.31,Credit Card,East Troybury,Tablet,2026-05-10 14:18:56,0
593,7083,1111.02,Credit Card,Lake Jonathan,Laptop,2026-04-23 14:31:30,0
594,1176,2648.46,Net Banking,Richardhaven,Tablet,2026-05-15 08:14:42,0
595,6873,2989.91,Debit Card,Davidfort,Tablet,2026-05-07 18:18:34,0
596,7744,2368.41,Debit Card,South Amy,Laptop,2026-05-07 21:22:34,0
597,9539,3294.51,Credit Card,South Travisstad,Laptop,2026-05-05 18:29:48,1
598,4222,3875.97,Net Banking,Brandymouth,Tablet,2026-04-24 21:37:18,0
599,7840,3911.28,Debit Card,South Stephen,Mobile,2026-04-30 15:44:03,0
600,9011,1780.65,Debit Card,Chasehaven,Mobile,2026-04-26 20:30:53,0
601,3311,4319.4,Net Banking,Katherinemouth,Mobile,2026-05-03 05:56:33,0
602,4342,1852.09,Credit Card,Frederickside,Tablet,2026-04-22 00:26:35,0
603,9999,1618.79,Credit Card,Meganview,Laptop,2026-04-27 15:27:36,0
604,1534,2038.27,UPI,Lorishire,Laptop,2026-05-18 09:13:08,0
605,5373,4386.06,Credit Card,South Joshua,Laptop,2026-04-30 02:01:21,0
606,2812,4527.95,Credit Card,Lake Timothyton,Mobile,2026-04-25 07:01:16,1
607,3281,1782.18,Credit Card,Toddmouth,Mobile,2026-04-23 14:29:52,0
608,4523,1253.84,Credit Card,Hobury,Tablet,2026-04-20 23:52:52,0
609,9015,375.6,UPI,South Brittany,Tablet,2026-05-02 01:24:48,0
610,7862,1587.74,Credit Card,Port Heather,Mobile,2026-05-14 09:35:22,0
611,1610,2225.05,Credit Card,Annmouth,Laptop,2026-05-03 12:32:47,0
612,4557,4118.52,Debit Card,New Josephtown,Mobile,2026-05-06 01:33:32,0
613,2583,931.17,Net Banking,Wallaceville,Mobile,2026-05-13 14:59:13,0
614,9642,3713.23,Net Banking,Margaretchester,Mobile,2026-05-19 05:17:16,0
615,4230,1633.26,Debit Card,East Jasonview,Mobile,2026-05-17 00:32:16,0
616,1860,2592.82,Debit Card,South Grantview,Laptop,2026-04-27 06:12:33,0
617,8104,1821.0,Credit Card,Ashleyshire,Mobile,2026-05-14 08:43:52,0
618,6882,4082.1,Debit Card,Christinaside,Tablet,2026-05-09 06:28:08,0
619,7250,3071.59,Net Banking,Walkerfurt,Tablet,2026-04-29 16:34:06,0
620,2315,499.17,Net Banking,West Shelly,Tablet,2026-05-01 22:59:06,0
621,1008,4932.15,Net Banking,Codyville,Mobile,2026-05-19 21:06:29,1
622,4933,952.29,UPI,North Doristown,Laptop,2026-04-27 15:08:20,0
623,9481,1215.66,Net Banking,Garrettbury,Tablet,2026-04-26 07:13:02,0
624,9098,1504.67,UPI,Cisneroschester,Laptop,2026-05-10 11:36:14,0
625,8426,1303.62,Credit Card,Bakerport,Mobile,2026-04-21 21:34:50,0
626,1967,4228.22,Net Banking,East Dawnfort,Tablet,2026-05-20 11:14:00,1
627,6484,3341.96,Credit Card,Mckinneyport,Tablet,2026-05-04 10:12:48,0
628,6955,2423.73,Debit Card,Lake Ivanview,Mobile,2026-05-13 07:47:51,0
629,5823,3676.59,UPI,Nicolemouth,Tablet,2026-05-15 20:22:11,0
630,7195,369.41,Debit Card,Singletontown,Laptop,2026-04-23 01:53:48,0
631,7499,747.67,Debit Card,Savageton,Tablet,2026-04-30 16:20:36,0
632,6392,4811.26,Credit Card,Sarahview,Tablet,2026-05-03 08:41:24,0
633,2050,770.11,UPI,Hugheschester,Laptop,2026-05-02 18:36:17,1
634,5876,305.1,Debit Card,Nunezview,Laptop,2026-05-10 08:47:13,0
635,5045,4666.01,Debit Card,Jessicaport,Laptop,2026-05-16 13:30:51,0
636,2656,2809.36,Debit Card,Port Ruth,Tablet,2026-04-21 03:40:15,0
637,5512,151.74,Net Banking,North Matthew,Tablet,2026-04-20 17:27:59,0
638,1740,2048.29,Net Banking,North Paul,Mobile,2026-05-13 16:05:47,0
639,1644,1305.76,Net Banking,Hickmantown,Tablet,2026-05-17 23:42:45,0
640,6880,818.63,Credit Card,Crawfordfort,Laptop,2026-04-24 02:58:37,0
641,3196,497.38,Debit Card,Williamland,Mobile,2026-05-10 09:03:12,0
642,1337,4331.39,UPI,Garrisonfurt,Mobile,2026-04-30 12:34:17,0
643,4626,1869.52,Debit Card,Port Chloetown,Mobile,2026-05-09 01:37:51,0
644,8125,12.83,Credit Card,Lake Bonnieside,Laptop,2026-05-03 13:43:40,0
645,4403,2756.49,Credit Card,Banksview,Tablet,2026-05-03 12:38:44,0
646,6084,4309.69,Debit Card,West Alisonview,Laptop,2026-04-25 05:22:50,0
647,7353,3800.96,Credit Card,Guerrerofort,Mobile,2026-05-08 04:37:47,0
648,5219,4441.93,Credit Card,West Robert,Laptop,2026-05-02 07:26:38,0
649,2639,4914.71,Credit Card,East Donnaton,Mobile,2026-05-02 20:00:08,0
650,6800,2713.43,UPI,Alvaradoview,Mobile,2026-05-12 03:04:23,0
651,9677,272.8,Net Banking,Port Jennifer,Mobile,2026-05-12 06:45:11,0
652,6682,3714.79,UPI,East Melinda,Tablet,2026-05-18 15:25:42,0
653,8188,4710.21,Credit Card,North Joshua,Tablet,2026-04-21 02:56:56,1
654,5492,2269.73,Credit Card,Andrewville,Laptop,2026-05-05 23:37:19,0
655,1793,2658.37,Credit Card,Port Richardview,Mobile,2026-05-16 15:04:34,0
656,9135,702.85,UPI,Dianemouth,Laptop,2026-05-02 07:25:19,0
657,6734,2760.04,Debit Card,Gutierrezshire,Mobile,2026-04-23 00:15:03,1
658,3758,4758.33,Net Banking,Leehaven,Laptop,2026-05-13 21:56:48,0
659,2408,3125.07,UPI,Port Sandra,Laptop,2026-05-08 02:00:15,0
660,4644,1127.4,UPI,Justinberg,Laptop,2026-05-05 16:38:25,0
661,2327,929.03,Debit Card,New Marthamouth,Laptop,2026-05-05 12:31:39,0
662,8154,2022.71,Credit Card,Port Luis,Mobile,2026-05-17 14:31:06,0
663,9555,635.14,Net Banking,Margaretfort,Laptop,2026-05-16 08:19:34,0
664,7983,3416.82,Debit Card,East Amandabury,Laptop,2026-05-11 04:49:34,0
665,9028,1664.08,Net Banking,Zacharybury,Tablet,2026-05-09 23:10:02,0
666,3747,74.6,Credit Card,Powellberg,Laptop,2026-05-05 06:24:27,0
667,9420,4233.31,Debit Card,Shortmouth,Tablet,2026-04-30 20:07:34,0
668,8394,1987.36,Net Banking,Andrewside,Mobile,2026-05-04 00:45:31,0
669,4388,1707.38,UPI,Donaldsonbury,Laptop,2026-05-11 17:12:25,0
670,1399,439.91,Debit Card,New Candicetown,Mobile,2026-05-12 19:44:53,0
671,6805,3968.34,UPI,Port Jorgehaven,Tablet,2026-05-18 02:58:02,0
672,9461,3165.5,UPI,New Thomas,Laptop,2026-04-28 20:57:46,0
673,6684,4967.19,UPI,North Sarahmouth,Mobile,2026-05-19 23:38:45,0
674,1152,3756.45,Debit Card,Lake Andrew,Laptop,2026-04-27 19:15:09,0
675,8295,2487.96,UPI,West Melindachester,Tablet,2026-04-28 17:18:28,0
676,3547,4471.12,UPI,Andreahaven,Tablet,2026-05-18 17:55:20,1
677,6857,3232.8,UPI,Weavershire,Tablet,2026-05-03 09:38:52,0
678,5104,1389.17,Net Banking,Johnbury,Tablet,2026-05-02 17:26:07,0
679,8035,110.78,Debit Card,Randallview,Mobile,2026-05-11 15:38:20,0
680,6814,4898.87,UPI,Greenville,Tablet,2026-05-01 15:58:02,0
681,5977,2666.61,UPI,East Kaylaburgh,Tablet,2026-05-12 09:31:22,0
682,3876,3946.07,Debit Card,South Lisa,Mobile,2026-05-04 15:34:29,0
683,8729,4287.0,Net Banking,Lisamouth,Laptop,2026-05-19 06:01:25,0
684,9754,1599.09,UPI,Acostaburgh,Tablet,2026-04-28 17:48:56,0
685,9059,3972.94,Credit Card,West Virginiaville,Mobile,2026-04-28 13:04:49,0
686,8915,643.46,Credit Card,East Nicoleberg,Mobile,2026-04-22 23:04:47,0
687,9302,4551.46,Credit Card,Port Danielberg,Tablet,2026-04-28 20:54:46,0
688,2736,1849.92,Debit Card,Kennethtown,Laptop,2026-04-25 18:01:58,1
689,4056,3833.37,UPI,Martinfort,Laptop,2026-05-04 03:28:59,0
690,6695,3046.86,Credit Card,Port Dawn,Laptop,2026-05-03 17:14:41,0
691,3594,3117.02,Net Banking,Lake Jasonfurt,Mobile,2026-05-09 16:53:51,0
692,2158,3892.15,Debit Card,Port Justin,Tablet,2026-05-12 12:01:51,0
693,5975,1333.87,UPI,Walshland,Laptop,2026-05-10 02:04:18,0
694,8584,1977.17,Credit Card,Schultzchester,Laptop,2026-04-29 14:47:35,0
695,9716,3373.32,UPI,Wilsonview,Tablet,2026-05-11 05:34:19,0
696,2614,3177.28,Net Banking,East Kim,Laptop,2026-05-07 13:26:45,0
697,9843,1144.89,Net Banking,New Patrick,Laptop,2026-04-29 07:38:11,0
698,1362,4496.01,Credit Card,Danielstown,Laptop,2026-04-26 20:25:01,1
699,6908,1367.6,UPI,Michaelview,Tablet,2026-05-19 00:17:07,0
700,2584,1270.8,UPI,North Brittanyshire,Tablet,2026-05-08 22:26:16,0
701,7512,332.9,UPI,Alexanderfurt,Tablet,2026-05-03 03:57:03,0
702,3807,1592.94,Debit Card,North Julie,Laptop,2026-05-12 11:20:34,0
703,8109,1902.97,Credit Card,Mauricemouth,Mobile,2026-05-14 03:20:25,0
704,7009,1692.53,UPI,New Patrickview,Tablet,2026-04-27 05:21:55,0
705,9377,2560.87,Debit Card,South Michael,Tablet,2026-05-09 07:34:28,0
706,4584,2418.28,Debit Card,Paulport,Mobile,2026-04-27 15:15:00,0
707,4126,4832.56,UPI,Lake Ana,Mobile,2026-05-03 07:59:11,0
708,8946,3064.31,Net Banking,East Cindybury,Tablet,2026-04-29 14:17:31,0
709,7431,1245.03,Credit Card,Gibsonbury,Laptop,2026-04-24 15:54:19,0
710,3701,3949.94,Credit Card,West Coltonmouth,Mobile,2026-04-27 20:37:13,0
711,1728,3566.48,Net Banking,Port Catherinefurt,Laptop,2026-05-05 22:00:18,0
712,8380,3830.68,UPI,Whiteburgh,Mobile,2026-05-07 06:57:49,0
713,3857,4820.92,Debit Card,Erinchester,Laptop,2026-05-18 03:57:28,1
714,5523,4786.3,Debit Card,Greerborough,Tablet,2026-04-26 23:22:02,0
715,9927,479.18,Net Banking,Ginaberg,Mobile,2026-04-23 08:30:18,0
716,5174,3350.57,Net Banking,New Timothytown,Mobile,2026-05-12 19:39:11,0
717,6448,2667.92,Debit Card,Lake Sarah,Mobile,2026-04-24 13:48:31,0
718,8075,1069.12,UPI,West Tim,Mobile,2026-05-03 09:31:41,0
719,9221,80.8,Net Banking,Burtonview,Mobile,2026-05-07 07:48:46,0
720,9779,4455.65,Debit Card,North Aaronville,Mobile,2026-04-25 03:53:45,0
721,5981,24.69,UPI,North Kyle,Laptop,2026-04-22 22:00:32,0
722,8388,2518.14,Net Banking,North Tiffany,Mobile,2026-05-04 06:39:51,0
723,3303,4011.56,Debit Card,Ryantown,Tablet,2026-04-29 04:08:37,0
724,7878,3819.56,Net Banking,North Robert,Tablet,2026-05-18 05:05:12,0
725,4709,4830.96,UPI,West James,Tablet,2026-05-06 04:42:58,0
726,4315,121.48,Credit Card,Riostown,Tablet,2026-04-25 06:29:06,0
727,2430,1814.71,Net Banking,Debraview,Mobile,2026-04-26 04:16:45,0
728,6517,1805.24,Credit Card,East Isaacville,Tablet,2026-04-21 14:31:00,0
729,1869,4659.33,Net Banking,Jonesbury,Laptop,2026-05-04 02:37:36,0
730,8966,4211.54,Net Banking,Robinsonstad,Tablet,2026-04-29 04:48:49,0
731,2202,400.67,Net Banking,North Sarah,Laptop,2026-05-20 11:20:34,0
732,5754,4971.93,Credit Card,Port Hannahfort,Tablet,2026-04-23 10:38:57,0
733,7479,3714.71,Net Banking,Bellhaven,Laptop,2026-05-05 08:09:32,1
734,1151,439.33,Net Banking,West Erin,Tablet,2026-05-09 13:13:07,0
735,3985,3611.49,Net Banking,South Lauren,Laptop,2026-04-21 19:50:47,0
736,2156,2891.09,Credit Card,West Donaldchester,Mobile,2026-04-30 09:53:49,0
737,4811,1941.04,Net Banking,West Taylorbury,Mobile,2026-05-16 09:36:33,0
738,9330,1771.36,Debit Card,Edwardschester,Laptop,2026-04-29 07:24:59,0
739,7345,4799.31,Net Banking,West Scottport,Mobile,2026-05-12 11:23:40,0
740,2279,4708.05,UPI,Jacquelineport,Tablet,2026-04-29 08:55:41,0
741,8397,870.67,Debit Card,South Isaac,Laptop,2026-04-29 06:00:18,0
742,8556,2776.34,Net Banking,Schmidtchester,Laptop,2026-05-11 06:53:33,0
743,1457,435.36,UPI,Lake Raymond,Laptop,2026-05-18 03:39:17,1
744,6069,2081.51,Net Banking,Timothyton,Tablet,2026-04-26 08:22:29,0
745,8416,2117.09,UPI,Randallstad,Laptop,2026-04-22 13:39:23,0
746,5473,3139.29,Net Banking,South Dennischester,Tablet,2026-04-25 18:07:26,0
747,8798,41.03,Net Banking,East Tiffanymouth,Laptop,2026-05-05 18:46:22,0
748,5756,3955.91,UPI,Port Destiny,Laptop,2026-05-17 17:55:31,0
749,1512,834.91,Credit Card,Charlesberg,Mobile,2026-04-26 08:43:41,0
750,5546,670.08,Net Banking,Lake Jim,Laptop,2026-04-24 11:14:38,0
751,3685,2590.58,Net Banking,Stephanieberg,Laptop,2026-05-02 22:15:37,0
752,4897,4660.63,Credit Card,Stephaniemouth,Laptop,2026-05-19 17:20:57,0
753,3429,1158.86,Debit Card,Dunnmouth,Laptop,2026-05-14 18:06:04,0
754,4157,3289.62,Net Banking,Tateshire,Mobile,2026-05-05 05:15:27,0
755,7330,3624.77,Debit Card,North Tamaratown,Laptop,2026-05-19 09:42:23,0
756,9251,2430.2,Debit Card,Lake Harry,Laptop,2026-04-29 20:25:40,0
757,5161,2496.35,UPI,New Jessica,Tablet,2026-04-26 16:57:19,0
758,7201,4647.22,Credit Card,South Amandamouth,Laptop,2026-05-08 04:25:06,0
759,2841,2282.18,Credit Card,Smithborough,Mobile,2026-05-03 04:12:13,0
760,4351,929.18,Net Banking,Lake Holly,Mobile,2026-04-27 00:39:03,0
761,5790,1489.4,Debit Card,West Benjamin,Mobile,2026-05-03 11:34:47,0
762,3250,4675.24,Debit Card,North Petershire,Laptop,2026-04-20 19:33:12,0
763,3234,827.77,Net Banking,Rodgerschester,Laptop,2026-04-21 10:20:37,0
764,2929,2405.35,Net Banking,South Erika,Laptop,2026-05-01 03:30:20,0
765,4109,305.97,Debit Card,Patrickside,Mobile,2026-04-24 22:46:07,0
766,1650,4145.5,Net Banking,Robertchester,Tablet,2026-05-13 19:25:00,0
767,7528,4328.3,Net Banking,Christopherstad,Tablet,2026-05-18 12:01:40,0
768,2189,2444.97,Credit Card,Kennethside,Tablet,2026-05-20 04:30:31,0
769,1653,57.73,Net Banking,Weavertown,Laptop,2026-05-15 15:11:36,0
770,6108,1927.2,Net Banking,North Alexisfurt,Laptop,2026-04-22 01:18:33,1
771,5207,4763.0,Net Banking,Thomasview,Tablet,2026-04-23 02:42:45,0
772,3537,4511.66,Net Banking,Lake April,Tablet,2026-05-05 18:54:32,0
773,6031,2501.48,UPI,Bobbychester,Laptop,2026-05-10 23:21:28,0
774,1111,2819.46,UPI,Port Nicole,Tablet,2026-05-02 18:46:00,1
775,8715,1917.03,Debit Card,Ericville,Laptop,2026-05-18 13:28:11,1
776,7514,3678.7,Credit Card,Billyborough,Tablet,2026-05-19 20:25:32,0
777,1405,3979.29,Debit Card,Leachport,Mobile,2026-04-28 23:02:43,0
778,7498,4066.88,Debit Card,North Samuel,Laptop,2026-05-17 02:40:15,0
779,2850,1891.85,Debit Card,Jonesbury,Tablet,2026-05-17 17:01:56,0
780,7489,2259.46,UPI,West Markville,Mobile,2026-05-14 15:19:27,0
781,2247,905.49,UPI,Veronicaville,Laptop,2026-04-30 09:52:06,0
782,5115,3963.34,Credit Card,Snyderburgh,Tablet,2026-05-05 15:04:38,0
783,7641,2001.38,Net Banking,Ruizton,Mobile,2026-05-01 10:05:31,0
784,4000,2717.53,Credit Card,East Sharonmouth,Tablet,2026-05-13 13:22:18,0
785,8059,3182.6,Debit Card,North Frankmouth,Laptop,2026-04-29 19:21:39,0
786,9492,2224.96,Net Banking,Lindsaystad,Tablet,2026-05-16 04:03:15,0
787,5591,459.6,Net Banking,Ruizfort,Mobile,2026-05-04 02:56:37,0
788,8447,4990.77,Net Banking,Meganhaven,Laptop,2026-05-17 13:37:35,0
789,8974,43.34,Net Banking,North Robertborough,Mobile,2026-04-30 20:31:50,0
790,8786,4469.02,UPI,New Michelle,Laptop,2026-04-23 00:08:13,0
791,7403,4515.99,Net Banking,East Anthony,Mobile,2026-04-22 05:04:22,0
792,4063,4704.62,Net Banking,West James,Laptop,2026-05-18 19:22:44,0
793,5147,3036.22,Credit Card,Kennedyview,Tablet,2026-05-17 19:13:19,0
794,5796,588.67,Debit Card,Crystalberg,Laptop,2026-04-21 19:00:04,0
795,6441,4672.33,Net Banking,East William,Laptop,2026-05-06 19:03:46,0
796,3814,930.24,Net Banking,Gonzalezchester,Laptop,2026-05-03 08:41:50,0
797,4437,1765.6,UPI,West Savannahview,Mobile,2026-04-21 08:07:25,0
798,3209,3362.5,Credit Card,East Patricia,Mobile,2026-05-15 00:48:36,0
799,1318,2946.9,Credit Card,Matthewside,Laptop,2026-04-27 22:39:33,0
800,3329,1381.64,Net Banking,Maryfort,Mobile,2026-04-21 16:48:50,0
801,2908,4767.33,Credit Card,Joshuaburgh,Laptop,2026-05-18 10:48:00,1
802,9042,1983.0,Credit Card,Tannerside,Mobile,2026-04-29 13:54:44,0
803,2756,88.05,Credit Card,West Dawn,Tablet,2026-05-15 11:24:56,0
804,8150,1639.44,UPI,Dustinside,Tablet,2026-05-10 11:22:59,0
805,9674,3828.6,Net Banking,Harryshire,Mobile,2026-05-20 12:24:35,0
806,7680,2042.78,UPI,Christopherton,Tablet,2026-05-14 23:35:50,0
807,9879,1080.67,UPI,Port Johnnyside,Laptop,2026-04-28 15:57:50,0
808,2039,3230.84,Credit Card,North Erika,Laptop,2026-05-19 08:05:29,1
809,9658,1208.56,Net Banking,Port Philiptown,Mobile,2026-05-17 05:59:48,0
810,6310,1944.22,Net Banking,New Sharonville,Mobile,2026-05-20 01:49:28,0
811,1346,688.73,Credit Card,Monicaberg,Tablet,2026-05-15 02:14:45,0
812,5364,3586.39,UPI,West Melindaton,Mobile,2026-05-12 05:40:53,0
813,6764,2796.36,Net Banking,Thompsonfort,Mobile,2026-05-12 12:20:23,0
814,1320,2224.84,Credit Card,Averyview,Mobile,2026-05-05 18:07:50,0
815,6877,4674.53,UPI,Ayalafurt,Laptop,2026-04-26 06:08:08,0
816,1798,3279.15,Net Banking,East Annetown,Laptop,2026-05-04 06:11:13,0
817,9682,2801.04,Debit Card,North Diane,Laptop,2026-05-16 00:48:41,0
818,6408,3335.51,Credit Card,South Robert,Tablet,2026-05-01 09:20:43,0
819,9197,1168.4,Credit Card,Port Nicholasside,Laptop,2026-04-20 22:52:26,0
820,2381,552.14,Net Banking,Manuelbury,Mobile,2026-04-24 05:15:08,0
821,6939,2770.92,Debit Card,Johnsonton,Tablet,2026-05-07 07:44:21,0
822,2321,1645.48,Net Banking,Thomasland,Tablet,2026-05-20 04:24:17,0
823,7424,181.84,UPI,Mendeztown,Mobile,2026-04-26 02:20:37,0
824,4635,2747.73,Credit Card,Michaelburgh,Tablet,2026-05-07 08:56:08,0
825,9838,2267.06,Net Banking,Port Kennethhaven,Mobile,2026-05-07 20:40:46,0
826,5487,1423.97,Credit Card,Lake Daniel,Mobile,2026-04-26 18:44:08,0
827,8202,2559.21,Net Banking,Erikaland,Mobile,2026-05-16 13:57:06,0
828,1000,2860.96,UPI,Jonesshire,Mobile,2026-05-02 05:30:58,0
829,8285,1828.69,Debit Card,Scottfort,Laptop,2026-05-15 13:23:22,0
830,2283,1216.86,Net Banking,Brownmouth,Tablet,2026-05-17 06:52:11,0
831,8843,4311.2,Credit Card,Goodmanfurt,Tablet,2026-05-02 09:27:16,0
832,8476,2100.6,Net Banking,East Johnburgh,Mobile,2026-04-25 08:34:38,0
833,7362,4282.68,Net Banking,South Brandon,Mobile,2026-05-03 15:55:09,0
834,9258,2112.2,Net Banking,Victoriafort,Laptop,2026-04-26 03:33:36,0
835,5683,4251.72,UPI,Nancyhaven,Mobile,2026-05-20 12:28:09,0
836,5518,3498.62,Net Banking,North Rebecca,Laptop,2026-04-25 10:59:35,1
837,5196,948.49,Credit Card,West James,Laptop,2026-05-20 03:37:56,0
838,6738,2972.69,Debit Card,Barnesview,Tablet,2026-04-26 23:11:14,1
839,7974,4852.11,Debit Card,Brockshire,Mobile,2026-05-20 13:26:28,0
840,3738,723.35,Net Banking,North Daleburgh,Mobile,2026-05-02 02:26:55,0
841,5220,2597.25,Net Banking,Lake Allisonfort,Tablet,2026-05-08 19:42:25,0
842,3927,3340.83,Net Banking,Virginiaton,Laptop,2026-05-04 11:49:43,0
843,2170,4498.53,Net Banking,South Dominic,Laptop,2026-05-15 03:53:39,0
844,8069,2367.04,Credit Card,Lake Monique,Tablet,2026-05-15 04:57:39,0
845,3046,3248.5,UPI,Carlyview,Mobile,2026-04-29 19:10:56,0
846,6579,1393.74,Net Banking,New Meganview,Tablet,2026-05-15 09:23:08,0
847,8857,3715.58,Debit Card,Port Jasmin,Laptop,2026-05-19 13:39:35,1
848,7319,536.39,UPI,South Meredith,Mobile,2026-05-01 10:06:56,0
849,2364,2942.26,Credit Card,Ramirezport,Tablet,2026-05-03 19:30:39,0
850,9210,1480.3,UPI,Lake Samanthamouth,Laptop,2026-05-01 16:00:10,0
851,2746,796.36,Net Banking,Porterborough,Tablet,2026-05-03 00:26:33,0
852,4401,1372.57,UPI,Smithstad,Mobile,2026-05-17 14:10:58,0
853,2634,170.58,Net Banking,Charlesside,Tablet,2026-05-16 14:04:05,0
854,9778,3746.28,Debit Card,Hernandezton,Tablet,2026-05-06 06:16:19,0
855,1050,1096.82,Credit Card,Port Anna,Tablet,2026-04-21 15:39:36,0
856,5965,4477.73,Net Banking,West Hectorton,Mobile,2026-05-05 11:33:30,0
857,2879,496.4,Debit Card,Buchananmouth,Tablet,2026-04-28 11:56:05,0
858,6849,2294.07,Net Banking,Johnmouth,Tablet,2026-05-11 01:58:17,0
859,9742,4472.94,Credit Card,Lake Kevinport,Mobile,2026-04-22 21:30:41,0
860,9094,3352.72,Net Banking,Gillton,Laptop,2026-05-13 00:11:05,0
861,7626,4087.77,Debit Card,Porterton,Mobile,2026-04-29 01:01:24,0
862,5362,486.91,UPI,Port Jean,Laptop,2026-05-16 05:21:41,0
863,6204,1465.82,UPI,North Michael,Mobile,2026-04-21 11:56:50,0
864,3047,2852.57,Credit Card,West Edwinmouth,Laptop,2026-05-01 06:37:08,0
865,5710,665.67,UPI,Port Ronald,Laptop,2026-04-25 23:16:26,0
866,5812,1580.18,Net Banking,Perrymouth,Laptop,2026-05-10 14:56:55,0
867,6574,169.58,UPI,Ramseyshire,Laptop,2026-04-21 16:45:45,0
868,8105,407.43,Debit Card,Port Matthew,Mobile,2026-05-04 01:21:28,0
869,5858,4406.73,Net Banking,Walkerchester,Tablet,2026-05-02 21:40:40,0
870,5019,4727.13,UPI,Victoriaport,Tablet,2026-04-25 04:36:51,1
871,5127,1492.38,UPI,Lake Molly,Laptop,2026-05-18 21:43:15,0
872,8879,4035.93,Credit Card,Danashire,Mobile,2026-05-02 00:47:37,0
873,8663,197.13,UPI,Evansview,Laptop,2026-04-26 05:32:06,1
874,7563,1484.72,Debit Card,East Elizabethfort,Tablet,2026-05-18 13:32:36,0
875,2407,2158.69,UPI,South Erinport,Mobile,2026-05-03 06:45:01,0
876,3925,3394.69,Debit Card,New Emma,Mobile,2026-04-23 00:31:19,0
877,8844,2950.14,UPI,South Debra,Mobile,2026-05-05 09:14:15,0
878,6305,3825.12,UPI,West Dannybury,Tablet,2026-04-25 15:21:47,0
879,9252,2193.76,Net Banking,Johnsonmouth,Tablet,2026-05-13 14:36:56,0
880,1370,3548.36,UPI,Farrellville,Laptop,2026-05-05 01:39:04,0
881,1604,3630.01,Debit Card,Williamshire,Laptop,2026-05-02 13:27:38,0
882,6708,244.24,Credit Card,Port Territon,Tablet,2026-05-12 03:13:48,0
883,3543,3111.48,UPI,Michaelmouth,Mobile,2026-05-17 03:37:45,0
884,2559,643.75,Net Banking,Kennethhaven,Mobile,2026-05-04 13:06:34,0
885,1854,1031.45,UPI,North Rachel,Laptop,2026-04-23 06:08:24,0
886,3782,1041.63,Net Banking,Cristinamouth,Mobile,2026-04-30 14:32:00,0
887,6594,286.04,Credit Card,Port Brittanystad,Laptop,2026-04-26 03:19:41,0
888,9395,3672.65,UPI,Mikebury,Mobile,2026-04-25 00:41:35,0
889,3611,2831.6,Credit Card,Lake Melissa,Mobile,2026-04-23 03:52:53,0
890,6329,1809.89,Credit Card,Jacksonfort,Tablet,2026-04-27 22:23:38,0
891,7919,1176.53,UPI,East Julianberg,Tablet,2026-05-06 16:47:35,0
892,1877,4629.91,Debit Card,Cooperbury,Tablet,2026-04-21 22:19:31,0
893,8090,836.0,Credit Card,Dayville,Laptop,2026-04-26 14:39:00,0
894,2592,1382.28,Net Banking,Bookerfort,Laptop,2026-04-25 22:35:56,0
895,9734,3436.49,Net Banking,Deannashire,Laptop,2026-04-21 17:25:20,0
896,2453,1001.63,UPI,Ryanview,Laptop,2026-05-04 16:28:19,0
897,7132,3013.56,Debit Card,West Colleenmouth,Tablet,2026-05-01 21:18:31,0
898,1189,4756.6,Credit Card,New Ericborough,Laptop,2026-05-04 04:27:59,0
899,7953,3877.0,Credit Card,West Brianport,Laptop,2026-05-03 21:19:42,0
900,5918,2796.11,UPI,South Russell,Laptop,2026-05-11 08:25:09,0
901,9258,3789.93,Credit Card,Thompsonshire,Laptop,2026-05-10 15:52:53,0
902,9711,1595.64,Net Banking,New Tylerfort,Laptop,2026-05-15 16:04:54,0
903,4899,2796.82,UPI,Jenniferfort,Tablet,2026-05-16 08:26:02,0
904,1771,1535.14,Credit Card,Baileyberg,Tablet,2026-05-10 10:23:47,0
905,2523,985.24,Credit Card,Miguelfurt,Mobile,2026-05-06 14:00:58,0
906,1174,1401.53,Credit Card,Gabrielton,Tablet,2026-05-02 12:02:04,0
907,2624,897.46,UPI,South Jodyview,Laptop,2026-05-08 07:36:40,0
908,7910,373.55,Net Banking,Stephentown,Tablet,2026-05-08 09:22:05,0
909,3565,1324.38,Credit Card,West Michelletown,Mobile,2026-04-29 12:46:24,0
910,9063,2708.52,UPI,Millerville,Mobile,2026-05-11 11:20:18,0
911,7582,2760.95,Net Banking,Lisahaven,Tablet,2026-05-14 00:57:03,0
912,5977,3869.53,Credit Card,Daniellestad,Laptop,2026-04-21 19:15:32,0
913,6715,4652.29,Debit Card,Burnsside,Laptop,2026-05-13 08:17:31,0
914,4166,1001.64,Credit Card,Port Heidi,Mobile,2026-05-03 17:18:23,0
915,3513,1763.66,Net Banking,Lake Lisa,Mobile,2026-04-30 01:58:04,0
916,6669,2009.31,Debit Card,Cooperton,Laptop,2026-05-03 10:02:44,0
917,6505,2966.43,Credit Card,North Brittneyfort,Mobile,2026-05-14 18:42:25,0
918,4782,209.17,Net Banking,Watkinsborough,Tablet,2026-05-20 14:49:07,0
919,1630,2333.73,Debit Card,Jonathanbury,Tablet,2026-05-07 23:46:28,0
920,5646,748.41,UPI,Katherineberg,Tablet,2026-04-23 13:55:33,0
921,3567,4182.89,Net Banking,Evansshire,Mobile,2026-04-28 15:00:20,0
922,2071,3343.23,Net Banking,Newmanfort,Tablet,2026-05-08 01:55:59,0
923,2683,483.89,Credit Card,Wendybury,Laptop,2026-04-29 16:08:43,1
924,7620,4343.14,Debit Card,Arroyoside,Tablet,2026-05-20 13:57:45,0
925,6668,1984.51,UPI,East Mariemouth,Laptop,2026-04-24 21:17:22,0
926,2704,231.27,UPI,South Tammiemouth,Laptop,2026-05-20 08:40:42,0
927,7736,4282.7,Debit Card,Mcguiremouth,Mobile,2026-04-21 17:40:00,0
928,5465,869.59,UPI,Duncanberg,Tablet,2026-05-09 21:27:19,0
929,5069,68.72,Credit Card,South Frankside,Tablet,2026-04-23 02:23:31,0
930,4024,4703.41,Net Banking,Robertsmouth,Tablet,2026-05-13 06:32:43,0
931,1606,80.72,Credit Card,Lake Edward,Tablet,2026-05-13 22:12:23,1
932,1564,1940.97,UPI,Port Sheilaberg,Mobile,2026-05-18 20:44:20,0
933,8623,1726.56,UPI,Robertview,Mobile,2026-04-26 11:05:23,0
934,7562,4286.89,Net Banking,South Gregory,Mobile,2026-04-30 08:53:51,0
935,9116,4635.48,Net Banking,Kevinshire,Mobile,2026-04-26 16:47:20,0
936,8956,4284.94,Debit Card,Brittanyland,Tablet,2026-05-08 17:14:05,0
937,6632,1693.6,UPI,Lake Richard,Tablet,2026-04-21 12:37:26,1
938,7120,2367.45,Net Banking,Linberg,Tablet,2026-05-09 03:12:40,1
939,3044,2190.68,UPI,Christophershire,Tablet,2026-05-16 05:53:31,0
940,7871,4500.36,Debit Card,Danielside,Laptop,2026-04-22 22:13:08,0
941,3470,1526.94,Net Banking,West Sally,Laptop,2026-04-26 07:23:21,0
942,1172,3209.46,Debit Card,West Derrickmouth,Tablet,2026-05-08 06:30:42,0
943,6050,1515.75,Credit Card,West David,Laptop,2026-05-13 12:23:24,0
944,5030,2573.86,Debit Card,Tammieton,Tablet,2026-05-05 05:48:08,0
945,4387,4617.66,Net Banking,New Lauren,Mobile,2026-05-07 05:33:47,1
946,2594,258.91,UPI,Austinview,Tablet,2026-05-06 23:51:31,0
947,6397,66.07,UPI,West Brandonfurt,Mobile,2026-04-28 18:15:21,0
948,6362,2786.31,Credit Card,Vazquezshire,Laptop,2026-05-16 21:21:43,0
949,9350,2714.63,Debit Card,Parkerland,Tablet,2026-05-03 20:04:31,0
950,3038,4351.48,Credit Card,Dixonshire,Mobile,2026-04-28 16:24:18,0
951,9213,4094.24,Credit Card,Wilkinsfort,Laptop,2026-05-10 01:38:55,0
952,2790,206.1,Net Banking,South Jenniferbury,Laptop,2026-05-15 09:29:52,0
953,7382,1705.89,Debit Card,Jonport,Tablet,2026-05-19 23:04:34,0
954,7676,3197.99,UPI,North Donaldville,Laptop,2026-05-02 06:30:56,0
955,6138,1276.45,Credit Card,South Trevor,Laptop,2026-04-24 18:18:18,0
956,4759,4616.77,Debit Card,West Lindafort,Tablet,2026-04-25 03:09:57,0
957,8422,27.65,Credit Card,Davishaven,Tablet,2026-05-13 20:04:23,0
958,3269,1849.79,Credit Card,East Ronaldton,Mobile,2026-05-12 18:07:38,0
959,6855,2801.03,UPI,Port Brianland,Tablet,2026-05-03 23:08:03,0
960,8188,3546.93,Credit Card,Gonzalezview,Mobile,2026-04-23 12:41:39,1
961,7498,3155.4,Debit Card,South Heather,Mobile,2026-05-08 07:12:40,0
962,2021,120.08,Debit Card,Davisland,Tablet,2026-05-11 03:33:09,0
963,3200,3769.75,UPI,Grantton,Mobile,2026-04-26 15:11:53,0
964,9915,424.68,Debit Card,Debbiestad,Laptop,2026-04-26 11:37:39,0
965,3890,283.34,Credit Card,South Dustinchester,Laptop,2026-04-27 23:18:39,0
966,5191,2413.54,UPI,Port Carlos,Laptop,2026-05-18 03:03:58,0
967,3616,1352.86,UPI,Riversmouth,Mobile,2026-05-01 06:45:36,0
968,8015,219.52,UPI,East Nathanmouth,Tablet,2026-04-23 09:13:18,0
969,2257,713.55,UPI,North Mary,Laptop,2026-05-06 11:07:07,0
970,7365,4226.73,Credit Card,East Kevin,Laptop,2026-05-17 12:06:02,0
971,2131,1962.67,Debit Card,Deanland,Laptop,2026-05-09 12:58:59,0
972,6422,2442.33,Net Banking,Lake Gary,Laptop,2026-05-20 10:52:06,0
973,7091,3823.25,Net Banking,Benjaminborough,Mobile,2026-05-04 20:48:06,0
974,7417,794.4,Net Banking,East Donnaville,Mobile,2026-05-17 17:44:21,0
975,6249,385.08,Net Banking,Davidburgh,Laptop,2026-05-05 23:50:24,0
976,4473,2998.02,Credit Card,East Robert,Tablet,2026-04-26 03:33:18,1
977,1407,2133.24,Credit Card,Tyronetown,Laptop,2026-05-08 18:43:04,0
978,7388,3117.22,UPI,Hutchinsonport,Mobile,2026-04-29 05:53:10,0
979,1601,1489.89,Credit Card,West Janet,Laptop,2026-04-25 06:09:31,0
980,7723,2176.59,Net Banking,Port Garyfort,Mobile,2026-05-13 04:18:12,0
981,6700,153.6,UPI,Kylehaven,Laptop,2026-05-15 05:47:21,0
982,2854,4017.35,Debit Card,Destinyton,Mobile,2026-04-27 11:38:04,0
983,7467,758.54,Credit Card,New Tammyfurt,Laptop,2026-05-14 06:10:28,0
984,5518,4189.41,Debit Card,Millerborough,Mobile,2026-05-12 18:54:48,0
985,5171,3917.49,Debit Card,South Mary,Tablet,2026-04-23 09:10:45,0
986,9946,1667.26,Credit Card,Port Heidihaven,Laptop,2026-05-04 19:47:11,0
987,8243,3455.06,Net Banking,Codyburgh,Tablet,2026-04-25 03:42:41,0
988,8078,538.8,Debit Card,South Matthewville,Tablet,2026-05-05 15:52:45,0
989,1477,3356.67,Net Banking,North Danielshire,Mobile,2026-04-27 03:05:36,0
990,8398,3035.35,Debit Card,Cindytown,Tablet,2026-05-09 23:39:02,0
991,3910,2130.84,Debit Card,Solomonborough,Mobile,2026-04-22 01:44:34,0
992,9046,4753.44,UPI,Port Michael,Tablet,2026-05-08 08:47:52,0
993,7680,1053.44,UPI,West Marktown,Mobile,2026-05-16 07:38:58,0
994,2892,4482.31,Credit Card,Sanchezborough,Tablet,2026-05-05 12:25:07,1
995,1491,899.88,Credit Card,New Andrew,Tablet,2026-05-09 06:37:37,0
996,2648,1988.09,Debit Card,Port Cheryl,Tablet,2026-05-06 03:21:45,0
997,7963,604.18,Credit Card,North Matthewview,Mobile,2026-05-14 19:19:20,0
998,7456,3619.22,UPI,Danielton,Laptop,2026-04-21 18:01:36,0
999,1439,272.77,Net Banking,Rileymouth,Mobile,2026-05-06 19:54:28,0
1000,2156,319.33,Credit Card,Garciastad,Tablet,2026-05-20 08:23:10,0
